{
  "accuracy": 0.81,
  "roc_auc": 0.43153021442495126,
  "classification_report": {
    "0": {
      "precision": 0.0,
      "recall": 0.0,
      "f1-score": 0.0,
      "support": 38.0
    },
    "1": {
      "precision": 0.81,
      "recall": 1.0,
      "f1-score": 0.8950276243093923,
      "support": 162.0
    },
    "accuracy": 0.81,
    "macro avg": {
      "precision": 0.405,
      "recall": 0.5,
      "f1-score": 0.44751381215469616,
      "support": 200.0
    },
    "weighted avg": {
      "precision": 0.6561,
      "recall": 0.81,
      "f1-score": 0.7249723756906077,
      "support": 200.0
    }
  }
}